{"cameraMode":{"drawMode":0,"name":"Shaded","section":"Shading Mode"},"sceneLighting":false,"audioPlay":false,"sceneViewState":{"m_AlwaysRefresh":false,"showFog":true,"showSkybox":false,"showFlares":true,"showImageEffects":true,"showParticleSystems":true,"showVisualEffectGraphs":true,"m_FxEnabled":true},"in2DMode":false,"pivot":{"x":3.0789403915405275,"y":-0.18822097778320313,"z":3.4337220191955568},"rotation":{"x":-0.07187489420175553,"y":0.037527743726968768,"z":-0.0031280939001590015,"w":-0.9967445135116577},"size":10.771501541137696,"orthographic":false}