{"cameraMode":{"drawMode":0,"name":"Shaded","section":"Shading Mode"},"sceneLighting":false,"audioPlay":false,"sceneViewState":{"m_AlwaysRefresh":false,"showFog":true,"showSkybox":false,"showFlares":true,"showImageEffects":true,"showParticleSystems":true,"showVisualEffectGraphs":true,"m_FxEnabled":true},"in2DMode":false,"pivot":{"x":-0.00013637542724609375,"y":9.619858741760254,"z":0.05764913558959961},"rotation":{"x":-0.08051010221242905,"y":0.2788523733615875,"z":-0.023663172498345376,"w":-0.9567800164222717},"size":14.088656425476075,"orthographic":false}