{"cameraMode":{"drawMode":0,"name":"Shaded","section":"Shading Mode"},"sceneLighting":false,"audioPlay":false,"sceneViewState":{"m_AlwaysRefresh":false,"showFog":true,"showSkybox":false,"showFlares":true,"showImageEffects":true,"showParticleSystems":true,"showVisualEffectGraphs":true,"m_FxEnabled":true},"in2DMode":false,"pivot":{"x":1.9568252563476563,"y":-1.3793988227844239,"z":-1.5761399269104005},"rotation":{"x":0.00174337241332978,"y":-0.9911451935768127,"z":0.1321984827518463,"w":0.013063360005617142},"size":7.580551624298096,"orthographic":false}